nuts2,region,household_size,roof_area_m2,households_per_building,pv_kw_per_household_opt_no_surplus_remuneration,roof_share_pct_opt_no_surplus_remuneration,pv_kw_per_household_opt_surplus_remuneration,roof_share_pct_opt_surplus_remuneration,pv_kw_per_household_full_roof,full_roof_estimate_mismatch_pct,kw_per_person_opt_no_surplus_remuneration,kw_per_person_opt_surplus_remuneration,kw_per_person_full_roof
ES11,Galicia,2.38,98.8,2.1,1.23,18.5,2.58,38.8,6.65,0.0,0.52,1.08,2.79
ES12,Asturias,2.2,193.6,3.3,1.69,19.9,2.88,33.9,8.49,0.0,0.77,1.31,3.86
ES13,Cantabria,2.36,197.0,3.2,1.17,13.2,1.97,22.1,8.89,0.6,0.5,0.83,3.77
ES21,País Vasco,2.32,162.6,6.8,1.53,44.9,2.52,73.8,3.41,0.2,0.66,1.09,1.47
ES22,Navarra,2.5,128.0,2.7,1.5,22.1,3.82,56.5,6.77,0.4,0.6,1.53,2.71
ES23,La Rioja,2.33,151.0,3.2,0.94,14.0,2.63,39.4,6.69,0.6,0.4,1.13,2.87
ES24,Aragón,2.37,132.6,2.7,1.26,17.8,3.53,50.2,7.06,0.7,0.53,1.49,2.98
ES30,Comunidad de Madrid,2.58,167.8,5.3,0.78,17.2,2.16,47.3,4.55,0.7,0.3,0.84,1.76
ES41,Castilla y León,2.23,92.6,2.0,0.89,13.3,2.43,36.4,6.68,0.2,0.4,1.09,3.0
ES42,Castilla-La Mancha,2.5,116.2,1.6,0.83,8.1,2.37,23.0,10.28,0.6,0.33,0.95,4.11
ES43,Extremadura,2.33,128.1,1.6,0.81,6.9,2.24,19.1,11.73,0.1,0.35,0.96,5.04
ES51,Cataluña,2.54,120.2,3.4,1.13,22.1,3.16,61.8,5.11,0.0,0.44,1.24,2.01
ES52,Comunitat Valenciana,2.48,131.2,3.1,0.75,12.4,2.1,34.5,6.07,0.6,0.3,0.85,2.45
ES53,Illes Balears,2.65,114.3,2.4,0.87,12.6,2.37,34.2,6.92,0.4,0.33,0.89,2.61
ES61,Andalucía,2.52,102.8,2.2,0.83,12.4,2.28,34.1,6.69,0.1,0.33,0.9,2.65
ES62,Región de Murcia,2.7,153.7,2.1,0.92,8.6,2.6,24.3,10.7,0.0,0.34,0.96,3.96
ES70,Canarias,2.6,119.5,2.4,0.76,10.9,2.25,32.2,6.98,0.2,0.29,0.87,2.68
ES,España (national),2.49,112.9,2.7,1.0,16.4,2.73,45.0,6.08,0.5,0.4,1.1,2.44
